Datetime,link,photo,status,video
2015-01-31,447,144,39,164
2015-02-28,444,135,22,174
2015-03-31,671,124,12,171
2015-04-30,787,163,8,271
2015-05-31,908,134,23,261
2015-06-30,1029,148,20,162
2015-07-31,1067,149,7,217
2015-08-31,1172,147,7,259
2015-09-30,1221,193,9,272
2015-10-31,1388,189,10,345
2015-11-30,1315,178,10,437
2015-12-31,1421,191,5,461
2016-01-31,1447,215,11,453
2016-02-29,1487,268,15,461
2016-03-31,1690,289,13,603
2016-04-30,1429,160,23,556
2016-05-31,1414,164,16,525
2016-06-30,1283,183,13,739
2016-07-31,1147,209,34,758
2016-08-31,1293,151,21,568
2016-09-30,1163,138,17,588
2016-10-31,1161,137,11,729
2016-11-30,1142,259,12,672
2016-12-31,1167,232,23,568
2017-01-31,1119,258,20,795
2017-02-28,1077,209,16,692
2017-03-31,1340,203,17,972
2017-04-30,875,162,10,490
